,US Muni,US Tbill 1-3yr,US AGG,Global AGG,US Dollar,Commodities,Long Short HF,Event Driven HF,Macro HF,Relative Value HF,EM Bond,TIPs,High Yield,MSCI World,MSCI Canada,MSCI EAFE,MSCI EM Equity,MSCI Europe,MSCI Japan,MSCI Asia ex-J,US Growth,US Value,US Small Cap,US Mid Cap,Gold,S&P500
2001/1/31,0.01274990316570880000 ,0.01274268197391360000 ,0.01635363390209310000 ,0.00480478817768870000 ,-0.01085954894333090000 ,-0.02349162056490210000 ,0.02879999649541620000 ,0.04590000087422470000 ,0.02150000237491460000 ,0.02040000879750580000 ,0.04824002852631050000 ,,0.06330377132543070000 ,0.01925644799724700000 ,0.04883718343106240000 ,-0.00051589239044080900 ,0.13758300000000000000 ,0.00045772534654786600 ,-0.01189493242914270000 ,0.12872000000000000000 ,0.06908583377372790000 ,0.00384593620151663000 ,0.05206305868292180000 ,0.01610675317032630000 ,-0.02350780532598710000 ,0.03547906921052710000 
2001/2/28,0.00259605838079469000 ,0.00658792806694741000 ,0.00871128026218426000 ,0.00164407271137401000 ,0.01265490736900990000 ,-0.00421436205855796000 ,-0.02559999467843840000 ,-0.00379999509023909000 ,-0.01709999051161750000 ,0.01050000171245190000 ,-0.01331519098065900000 ,,0.01519046569767600000 ,-0.08462281111131580000 ,-0.15945524273811000000 ,-0.07496763366927370000 ,-0.07838373112115780000 ,-0.08778868779395040000 ,-0.04497837844110820000 ,-0.04736338507335750000 ,-0.16977199665759800000 ,-0.02780691387949940000 ,-0.06561420868453460000 ,-0.06086873900958640000 ,0.00488997555012216000 ,-0.09118169112765850000 
2001/3/31,0.00795582973073627000 ,0.00831367924528292000 ,0.00502022763954968000 ,-0.02047884836859140000 ,0.02386403461989730000 ,-0.04260561030409540000 ,-0.02299999918470750000 ,-0.00249999530316058000 ,0.00829999260914316000 ,0.00259998951119655000 ,-0.01118006304176510000 ,,-0.02003306688675530000 ,-0.06585090714437370000 ,-0.09164414816363790000 ,-0.06666081545498380000 ,-0.09866989693966610000 ,-0.07458880808816960000 ,-0.02968589175680950000 ,-0.11368413220988400000 ,-0.10881782144241400000 ,-0.03533658176968690000 ,-0.04891582776542050000 ,-0.06204223182535200000 ,-0.03443758188283730000 ,-0.06335063545537360000 
2001/4/30,-0.00816033319861298000 ,0.00263142506286185000 ,-0.00415045936616842000 ,-0.00120612879153703000 ,0.01069863918369630000 ,0.03518422780001270000 ,0.02270000173573020000 ,0.01229998850001810000 ,-0.00119999434584317000 ,0.00760000995227061000 ,-0.00483139911341335000 ,,-0.01356823905476230000 ,0.07371457449684330000 ,0.07124413067896930000 ,0.06949189891862590000 ,0.04929161622404150000 ,0.07106321959167940000 ,0.06793913768753600000 ,0.00145852133218605000 ,0.12647316841057500000 ,0.04904096944196980000 ,0.07822958902222330000 ,0.08552225922918220000 ,0.02364799379724760000 ,0.07771048145241520000 
2001/5/31,0.01013469084463760000 ,0.00542400559897338000 ,0.00603172940991681000 ,0.00187406175923055000 ,0.00058623660030621100 ,-0.02096987789549290000 ,0.00899999900996451000 ,0.01939999920158520000 ,-0.00100000109557086000 ,0.00929998226308304000 ,0.02412412412412410000 ,,0.01755256483111340000 ,-0.01303114321963410000 ,0.01838249755970200000 ,-0.03529365222019850000 ,0.01158391886617570000 ,-0.04875164277121780000 ,-0.00239743337092835000 ,-0.00165547301474211000 ,-0.01471689419465980000 ,0.02246459851027250000 ,0.02457977219539620000 ,0.01862746067371290000 ,0.00681689074039005000 ,0.00669998487445800000 
2001/6/30,0.00567258809186200000 ,0.00348048030628245000 ,0.00377845551727374000 ,-0.00701297566114689000 ,0.00942855644946938000 ,-0.03988055321514750000 ,-0.00319999941343385000 ,0.01110000446364710000 ,0.00429998845494506000 ,-0.00229999896066035000 ,0.01524777636594670000 ,,-0.02633234988844300000 ,-0.03147184535116340000 ,-0.03835211079714270000 ,-0.04089555008608470000 ,-0.02088465683581690000 ,-0.03780283850263840000 ,-0.05956167732883540000 ,-0.02430653946664150000 ,-0.02315907471514200000 ,-0.02217917055265810000 ,0.03452953325663400000 ,-0.00940551646040599000 ,0.01880759826970090000 ,-0.02433864794673410000 
2001/7/31,0.01195779855595760000 ,0.01150355511879300000 ,0.02235725988759140000 ,0.02291144395422440000 ,0.00056310821153915400 ,0.01301988502384880000 ,-0.01060000585853200000 ,0.00299999553102670000 ,-0.00299999139884999000 ,0.00700001972412179000 ,-0.05179551362279780000 ,,0.01624740145099060000 ,-0.01336641961305770000 ,-0.00462704900459798000 ,-0.01819488628706540000 ,-0.06363502140853380000 ,0.00248656127413094000 ,-0.07450868642704390000 ,-0.03827164477717890000 ,-0.02499199941891140000 ,-0.00212658828923251000 ,-0.05412930879455520000 ,-0.02862477556847140000 ,-0.01550673804688960000 ,-0.00984418904044226000 
2001/8/31,0.01492202471690750000 ,0.00622928334666817000 ,0.01145146566588910000 ,0.03010244151213780000 ,-0.02230857355172300000 ,-0.00043607905995490800 ,-0.01219999485712960000 ,0.01290001190782690000 ,0.00569999197761129000 ,0.00849999130936618000 ,0.04477611940298520000 ,,0.00786855276996179000 ,-0.04814659551179190000 ,-0.05451318105050580000 ,-0.02534145038841060000 ,-0.01002620733152810000 ,-0.02603570586643800000 ,-0.02501659370824740000 ,-0.01578140903041080000 ,-0.08177478259544500000 ,-0.04005439587149270000 ,-0.03229841759325410000 ,-0.03844941560974300000 ,0.02906431651978260000 ,-0.06260167855816700000 
2001/9/30,-0.00019186254445746600 ,0.01647072187198280000 ,0.01165274421123350000 ,0.00775867640832106000 ,-0.00414772340934855000 ,-0.06745666784577300000 ,-0.03729999760267070000 ,-0.03259999486972030000 ,0.00630000670884812000 ,0.00240000764628978000 ,-0.03270165208940720000 ,,-0.06908128366787240000 ,-0.08824926647515600000 ,-0.09337809932583010000 ,-0.10128688965903200000 ,-0.15492052681876600000 ,-0.09979457905139510000 ,-0.09342807760958930000 ,-0.15721948226096100000 ,-0.09984147547400620000 ,-0.07038112514930270000 ,-0.13461271701260000000 ,-0.12058992829956800000 ,0.06869533527696790000 ,-0.08075261032364610000 
2001/10/31,0.01014520385115310000 ,0.00966642454042566000 ,0.02092564506696020000 ,0.00903750998580732000 ,0.00877427633966499000 ,-0.04746551353538420000 ,0.01849999264777450000 ,0.02069998824174340000 ,0.02709999896817310000 ,0.00849998580662858000 ,0.00055256944793291600 ,,0.03200239445753520000 ,0.01909501332965120000 ,0.00112849050538189000 ,0.02561194241339740000 ,0.06201849649372520000 ,0.03179198775228650000 ,-0.00205921163161571000 ,0.05390828310613100000 ,0.05246465416181610000 ,-0.00860781023743307000 ,0.05852059107499710000 ,0.03959687138756850000 ,-0.04637681159420290000 ,0.01906904532532840000 
2001/11/30,-0.00859546710686077000 ,-0.00237963475373537000 ,-0.01378747863911770000 ,-0.01162226074353250000 ,0.01252168462785890000 ,0.00772549279883195000 ,0.01969999753357080000 ,0.01590001025845430000 ,0.00140000548778363000 ,0.00540001260903700000 ,-0.01280249020986050000 ,,0.03514428777371180000 ,0.05900810671513850000 ,0.09171143798231580000 ,0.03686297144134510000 ,0.10432679597771500000 ,0.04014064464698250000 ,0.01085014084891300000 ,0.13368559767659000000 ,0.09606569465243900000 ,0.05813713557062550000 ,0.07741657597503560000 ,0.08379683003483880000 ,-0.01877346683354200000 ,0.07670621274106340000 
2001/12/31,-0.00704401782491837000 ,0.00027736173517500800 ,-0.00635017524514636000 ,-0.02089911883519300000 ,0.00466194276002407000 ,-0.01969914511901160000 ,0.01990000090773410000 ,0.01509998552382450000 ,0.01509999884545790000 ,0.00599998997211371000 ,0.01195138076590550000 ,,-0.00786149269474501000 ,0.00618514268330062000 ,0.01561762120494970000 ,0.00594106677172834000 ,0.07931170535350130000 ,0.02561544960318310000 ,-0.06748880045838400000 ,0.08311702968062300000 ,-0.00187923957767844000 ,0.02355165742406350000 ,0.06172335154468360000 ,0.04015881418740070000 ,0.01658163265306120000 ,0.00876062958695312000 
2002/1/31,0.01649684770627300000 ,0.00205190771960950000 ,0.00809495972336438000 ,-0.00898364927575868000 ,0.01552603395237550000 ,-0.00672520709741120000 ,0.00224716618133480000 ,0.00785758909215728000 ,0.00411313979269590000 ,0.01026487429216210000 ,0.01849432103729030000 ,0.00862199999999991000 ,0.00552893067656735000 ,-0.03039695937128940000 ,-0.00746066786156496000 ,-0.05313467844426660000 ,0.03374441649124590000 ,-0.05225276413697770000 ,-0.07828117957244870000 ,0.03981245115915620000 ,-0.01766629085663340000 ,-0.00770416354489989000 ,-0.01040129432835080000 ,-0.00596819451088970000 ,0.01290553862699410000 ,-0.01459314790370970000 
2002/2/28,0.01191609886767870000 ,0.00492556311915449000 ,0.00969098914923716000 ,0.00672149182131321000 ,0.00699900104024653000 ,0.02591279879871760000 ,-0.00891492613346911000 ,-0.01370719664256830000 ,-0.01207901833930680000 ,0.00042050338956234300 ,0.03750123359321030000 ,0.01616264566904160000 ,-0.01317774816348560000 ,-0.00879536633386402000 ,-0.01060041280098940000 ,0.00701455070148782000 ,0.01620721715843270000 ,-0.00016862971221642800 ,0.04150304251681260000 ,0.00715459537456420000 ,-0.04149955162890920000 ,0.00160500139143283000 ,-0.02740630855715180000 ,-0.01061197392224460000 ,0.04954875243319770000 ,-0.01928532431380390000 
2002/3/31,-0.01850730863223070000 ,-0.00737966736424722000 ,-0.01663584152633110000 ,-0.00590944023560735000 ,-0.00917593098487735000 ,0.10225287295695300000 ,0.02027157560531290000 ,0.01911383206475300000 ,0.02111756961036160000 ,0.00633249809815961000 ,0.00109388376296016000 ,-0.00320999410688017000 ,0.02523144402095980000 ,0.04404984152341900000 ,0.03564367981298820000 ,0.05409200739920620000 ,0.05984098186950890000 ,0.05419310705179030000 ,0.05734856432886140000 ,0.06678937419162260000 ,0.03458820709465990000 ,0.04731043840661650000 ,0.08037207520067740000 ,0.05996315268479880000 ,0.02056988703422680000 ,0.03760924374823470000 
2002/4/30,0.02037372343327700000 ,0.01181757656458050000 ,0.01939200760237970000 ,0.02959535030610370000 ,-0.00723961060106404000 ,0.00000598150518604790 ,0.00165691886710606000 ,0.00276230154559420000 ,0.00390000588618244000 ,0.00591810343413401000 ,0.00983419639887884000 ,0.02505104567780640000 ,0.01603777436078870000 ,-0.03398932979217120000 ,-0.00788314975104110000 ,0.00662731627698299000 ,0.00640813393996020000 ,-0.00763267051078886000 ,0.05821516941294400000 ,0.01009111851002120000 ,-0.08161517787980250000 ,-0.03429433987097470000 ,0.00911317335785045000 ,-0.01938530602539060000 ,0.01916405088385930000 ,-0.06062784390324440000 
2002/5/31,0.00572241642507509000 ,0.00378351702582669000 ,0.00849679549427074000 ,0.02242967753509830000 ,-0.02727584100962830000 ,-0.01537835784738870000 ,0.00001842264343254740 ,-0.00330310585206250000 ,0.01873750292746860000 ,0.00210020717937942000 ,-0.00517500940910798000 ,0.01325500583923070000 ,-0.00764722583824851000 ,0.00166719236469093000 ,0.02152257970861490000 ,0.01267070496613250000 ,-0.01617034535532150000 ,-0.00306210946115149000 ,0.06233631483325520000 ,-0.02268593324407930000 ,-0.02419302373876520000 ,0.00501293695497096000 ,-0.04438170891006590000 ,-0.01130155363005390000 ,0.05868049927054630000 ,-0.00736719379096706000 
2002/6/30,0.01095775135223760000 ,0.00884955752212391000 ,0.00864667083915083000 ,0.03481645535762050000 ,-0.02637324967024130000 ,0.01939712779141270000 ,-0.02631216094888110000 ,-0.03820619819361570000 ,0.01201706701077620000 ,-0.00189361493889673000 ,-0.05045871559633030000 ,0.00623499210259482000 ,-0.07738816625864080000 ,-0.06084668608097110000 ,-0.05687342193482890000 ,-0.03980586713842180000 ,-0.07529318615807370000 ,-0.03471618717791170000 ,-0.05211102257855430000 ,-0.04995843095759960000 ,-0.09250470833916820000 ,-0.05741843755231080000 ,-0.04961750890732670000 ,-0.06704690574266560000 ,-0.03705404991578630000 ,-0.07123015466692740000 
2002/7/31,0.01170655210348850000 ,0.01250812215724490000 ,0.01206648019627130000 ,0.00899801404313849000 ,-0.02458572522005350000 ,-0.00541700187717897000 ,-0.03929677717540080000 ,-0.04349531411158100000 ,-0.00338600242039577000 ,-0.00196322024894280000 ,-0.04527117884356790000 ,0.02797914067680400000 ,-0.03883421295917060000 ,-0.08437773941438220000 ,-0.11256429398187800000 ,-0.09872011902822200000 ,-0.07644761508543710000 ,-0.11126810502576400000 ,-0.06946574974127880000 ,-0.03840493237867950000 ,-0.05497506995234700000 ,-0.09295905728114100000 ,-0.15103066231884300000 ,-0.09759309350927480000 ,-0.03466369852122740000 ,-0.07795408490955890000 
2002/8/31,0.01075717498620880000 ,0.00352960051339646000 ,0.01688399030344190000 ,0.01631816570242250000 ,0.01422261631402750000 ,0.03940178314639060000 ,0.00283789719707905000 ,0.00369116078047282000 ,0.00629181489477393000 ,0.00683748417829833000 ,0.07318727177882110000 ,0.03386030222358280000 ,0.02497427999196430000 ,0.00170761284823673000 ,0.01227796402970970000 ,-0.00226996804392054000 ,0.01528749121972720000 ,-0.00018323031942979500 ,-0.01061859408379460000 ,-0.01782870379945800000 ,0.00298938337772481000 ,0.00755163089947941000 ,-0.00254664174353281000 ,0.00547476522009660000 ,0.03030802174271120000 ,0.00656538696518827000 
2002/9/30,0.01843286802178450000 ,0.00857980282440707000 ,0.01619570308010630000 ,0.01105000227864190000 ,0.00213442320766966000 ,0.03766025641025640000 ,-0.01961391210125140000 ,-0.01488185853031740000 ,0.00931858196066160000 ,0.00291382907944970000 ,-0.02770621688621000000 ,0.02631033969207670000 ,-0.01556973715860470000 ,-0.11010025604912300000 ,-0.08069104063980730000 ,-0.10739347067424400000 ,-0.10792571043053400000 ,-0.13155011773972900000 ,-0.04469300700650460000 ,-0.11013540547939400000 ,-0.10372867198002800000 ,-0.11118818505618200000 ,-0.07181354902291190000 ,-0.09226288498322970000 ,0.03453237410071950000 ,-0.10867958508799800000 
2002/10/31,-0.01393742785951160000 ,0.00227200676318295000 ,-0.00455487298385260000 ,-0.00284768798370605000 ,0.00449426274596854000 ,-0.01031638010055280000 ,0.00555678181613950000 ,0.00702008740991933000 ,-0.01645080140979300000 ,0.00414194678613389000 ,0.06154076888466740000 ,-0.01720219230495120000 ,-0.00840422322775269000 ,0.07368404578842490000 ,0.03013823936998210000 ,0.05374554984594160000 ,0.06497009809942900000 ,0.09665466762060990000 ,-0.06960272263915830000 ,0.05086731192465170000 ,0.09173136421671300000 ,0.07408657917605320000 ,0.03206192330279610000 ,0.05054278162476260000 ,-0.01792613197341990000 ,0.08801654004633890000 
2002/11/30,-0.00412309718281145000 ,-0.00337392587906582000 ,-0.00026592330405117400 ,0.00261620197079204000 ,-0.01399794594314150000 ,0.00283472169207633000 ,0.02670020203190360000 ,0.02924078205379900000 ,-0.00463510316570892000 ,0.01117200083674220000 ,0.02835075821795230000 ,-0.00859525504877312000 ,0.06252243591693700000 ,0.05376376342896560000 ,0.05834256935104110000 ,0.04538528978796960000 ,0.06881804571133920000 ,0.04910334997138000000 ,0.04043995274389230000 ,0.05312285363629200000 ,0.05431469482574220000 ,0.06299600107187770000 ,0.08924380834349450000 ,0.06942419944042340000 ,0.00125885129819037000 ,0.05885913746600900000 
2002/12/31,0.01978021721740620000 ,0.00983866701930691000 ,0.02065581288695250000 ,0.04053269559243010000 ,-0.00953817462196616000 ,0.04896643213380150000 ,-0.01135000074209070000 ,0.00256000869480455000 ,0.03413999753492640000 ,0.00695001462134193000 ,0.03072907125847220000 ,0.02757090347011280000 ,0.01455337765485320000 ,-0.04858619733717810000 ,-0.00811026473089504000 ,-0.03362438468688060000 ,-0.03326315344004920000 ,-0.03626111951473820000 ,-0.02570965280716190000 ,-0.06097443628315750000 ,-0.06907613709585350000 ,-0.04343441933521260000 ,-0.05567952981132250000 ,-0.03939605070050120000 ,0.09398082665409400000 ,-0.05874801849701330000 
2003/1/31,-0.00173634734722483000 ,-0.00015714210884709700 ,0.00085372538799566300 ,0.01123800584063410000 ,-0.02668154111920430000 ,0.07697397559244610000 ,-0.00006999239708294080 ,0.01308999701542950000 ,0.02520000676146590000 ,0.01027999416139960000 ,0.01648376060781100000 ,0.01099540064475010000 ,0.03002125023634910000 ,-0.03047406248863200000 ,0.02787126038982430000 ,-0.04174772652189750000 ,-0.00440711354309165000 ,-0.04730809450269920000 ,-0.04053373902959210000 ,0.00818645534453699000 ,-0.02426482353015810000 ,-0.02420977411981740000 ,-0.02767719141868450000 ,-0.02022446938998570000 ,0.05775032322942100000 ,-0.02619626443890470000 
2003/2/28,0.01335939616399880000 ,0.00440067057837390000 ,0.01383651187012890000 ,0.01293244007759610000 ,-0.01077536977478950000 ,0.03364779562593510000 ,-0.00782000226565693000 ,-0.00096999823571553000 ,0.01909999589794100000 ,0.00695000857741901000 ,0.03199580382900600000 ,0.03525372946946790000 ,0.01345253392586580000 ,-0.01750160691074300000 ,0.03480044378157410000 ,-0.02294999196244380000 ,-0.02810525841382490000 ,-0.03263548187016780000 ,0.00584781368287368000 ,-0.04171795769478360000 ,-0.00459252244159636000 ,-0.02665939545029590000 ,-0.03021518987341780000 ,-0.01324627782200320000 ,-0.04943637104441120000 ,-0.01500385258039830000 
2003/3/31,0.00046683467439989600 ,0.00187773836845406000 ,-0.00077050472487683000 ,0.00249723922361356000 ,-0.00716033615162581000 ,-0.07544926827631490000 ,-0.00065000360379630100 ,0.00950999333828761000 ,-0.02230999831453570000 ,0.00711998525729207000 ,0.01622193985599330000 ,-0.01313325898691680000 ,0.02639653741446950000 ,-0.00330064627232862000 ,-0.01324785030664590000 ,-0.01964820322340970000 ,-0.02855494794464760000 ,-0.01491884165583060000 ,-0.04525250110674990000 ,-0.04706963807997360000 ,0.01861159774100510000 ,0.00166215776358403000 ,0.01287674827757020000 ,0.00987338009002414000 ,-0.03571938848406920000 ,0.00970892967750747000 
2003/4/30,0.00602760496195609000 ,0.00182215743440239000 ,0.00825155549252821000 ,0.01282700919821010000 ,-0.00356688212720369000 ,-0.00622676628110153000 ,0.02431999815453830000 ,0.03151999653766160000 ,0.01227000127897030000 ,0.01385000632839910000 ,0.05697495102738290000 ,-0.00296001693810544000 ,0.05811763652310890000 ,0.08861855780415850000 ,0.06345830093937610000 ,0.09801213445104300000 ,0.08893152700871340000 ,0.13487241478718800000 ,-0.00781504441981440000 ,0.03148690931127040000 ,0.07393680838755090000 ,0.08802275747994990000 ,0.09481745344348960000 ,0.07263359885922330000 ,0.00325974218402725000 ,0.08237045932309810000 
2003/5/31,0.02101738543028950000 ,0.00384555422751109000 ,0.01864509600684760000 ,0.03554490313275640000 ,-0.04671515960221060000 ,0.05845802291366690000 ,0.04079000988471270000 ,0.04146000768087400000 ,0.05664999400923420000 ,0.00978999555563909000 ,0.04144321766561520000 ,0.04178977698572650000 ,0.01146552625421320000 ,0.05693371725898010000 ,0.08537558016098500000 ,0.06059252296195460000 ,0.07149638829370940000 ,0.06486151415468530000 ,0.04848902750623260000 ,0.08624183202445890000 ,0.04991468652272600000 ,0.06455087592170060000 ,0.10731271245188800000 ,0.09152264583438030000 ,0.07650273224043700000 ,0.05268715376213630000 
2003/6/30,-0.00413300863229582000 ,0.00155303618574321000 ,-0.00198484613127592000 ,-0.01084348630705900000 ,-0.01177440551061240000 ,-0.02472385289899000000 ,0.01518999612628850000 ,0.02455999362641510000 ,0.00531000611497334000 ,0.00479001012528601000 ,-0.00003786301162389540 ,-0.00691205929327054000 ,0.02800173257336370000 ,0.01718078849562900000 ,0.02625608520351590000 ,0.02416602391910220000 ,0.05668444822294210000 ,0.00964189455674647000 ,0.07373069920520230000 ,0.06268350294708490000 ,0.01376955022439020000 ,0.01250310450452120000 ,0.01809655524299950000 ,0.01010351372982310000 ,-0.04952668404445060000 ,0.01275683971822010000 
2003/7/31,-0.02958018481609790000 ,-0.00578901121620923000 ,-0.03361925843940240000 ,-0.02913660959872950000 ,0.02046919863048990000 ,0.00601420160210253000 ,0.02414000147458560000 ,0.01459999589162630000 ,0.00725999517111320000 ,0.00037999349000572600 ,-0.03540325634229470000 ,-0.04519078685238920000 ,-0.01354767661774910000 ,0.02019033815501900000 ,0.00315393802132435000 ,0.02420650506228110000 ,0.06218784496996600000 ,0.02031481002611520000 ,0.04058447753370010000 ,0.08469312504544170000 ,0.02488322063905550000 ,0.01489021983288260000 ,0.06257040771355320000 ,0.03295924941681470000 ,0.02295034642032360000 ,0.01763135004590330000 
2003/8/31,0.00724614587897854000 ,0.00051988562516247500 ,0.00663922691481744000 ,-0.00228815051670617000 ,0.01235252282391250000 ,0.03949159779960310000 ,0.02381000156088490000 ,0.01948000277086930000 ,0.01856000821487650000 ,0.00372999127141616000 ,0.02433758586849840000 ,0.01831713049606650000 ,0.01277269075915370000 ,0.02148205402042080000 ,0.05200217259112590000 ,0.02414946589583700000 ,0.06691446839683370000 ,-0.00188891969104532000 ,0.10537529935094900000 ,0.07652900000957570000 ,0.02487141477950840000 ,0.01558258456511760000 ,0.04584869527172080000 ,0.04342701935203850000 ,0.05982785381684770000 ,0.01950249907796600000 
2003/9/30,0.02758393914380290000 ,0.00956092491556260000 ,0.02647064052194610000 ,0.04806177757679400000 ,-0.01911028100857450000 ,0.00083608807438762000 ,0.00782999624482494000 ,0.01269001234692380000 ,0.02258000019093350000 ,0.00857000762645388000 ,0.03506418854186630000 ,0.03396360746394690000 ,0.02713064982243600000 ,0.00601847575466818000 ,0.01710748584020630000 ,0.03082649043680720000 ,0.00728361432591362000 ,0.02034238552583310000 ,0.05929373122647610000 ,0.00754294050149884000 ,-0.01070533507354620000 ,-0.00975743045517041000 ,-0.01845841935444000000 ,-0.01252980382334670000 ,0.02609506057781920000 ,-0.01061962576813810000 
2003/10/31,-0.00619596264498168000 ,-0.00386020896597872000 ,-0.00932629026671283000 ,-0.00557764150003548000 ,-0.03772427492015680000 ,0.04775724446976910000 ,0.03117000076932740000 ,0.02510999980629890000 ,0.01728999836369850000 ,0.01057000223011940000 ,0.00488707885968154000 ,0.00822920720019593000 ,0.02074254145708700000 ,0.05924189968525770000 ,0.06727207318208510000 ,0.06232884980915230000 ,0.08507633815120700000 ,0.06689634480731520000 ,0.04576820236931470000 ,0.08566181988328880000 ,0.05616744547048680000 ,0.06119987538386230000 ,0.08397654949981040000 ,0.07632710203409370000 ,-0.00285454781367589000 ,0.05656941735637980000 
2003/11/30,0.00737760968765633000 ,-0.00051668905652579900 ,0.00239504208805719000 ,0.01302831024506080000 ,-0.00355053668419447000 ,-0.00314777006069722000 ,0.01134999414461200000 ,0.01628999874576280000 ,0.00192999739892796000 ,0.00483000607418416000 ,0.01230565175742380000 ,-0.00366569147837914000 ,0.01382086134112880000 ,0.01511456240277890000 ,0.02960862780657330000 ,0.02223201545112840000 ,0.01217069777193290000 ,0.04256117928136780000 ,-0.03087090262455090000 ,-0.01232780913038530000 ,0.01046946179810670000 ,0.01356520061566590000 ,0.03548834468283670000 ,0.02806764275614680000 ,0.03617436564736500000 ,0.00879880885716222000 
2003/12/31,0.00711268646019314000 ,0.00584160463192718000 ,0.01017632131988110000 ,0.03267136090255460000 ,-0.02559334751236900000 ,0.07375540925398540000 ,0.01928000384578520000 ,0.02118999079953480000 ,0.03382000569510920000 ,0.01232999469250350000 ,0.02937108749454080000 ,0.00422435973053359000 ,0.02371870307998210000 ,0.06266037084933380000 ,0.05424073550036110000 ,0.07812460458911600000 ,0.07241049713062050000 ,0.08212494879354630000 ,0.06933508459655680000 ,0.05975728235274750000 ,0.03458327443747320000 ,0.06164050555393490000 ,0.02028775660975750000 ,0.02996877294000510000 ,0.04345096069320610000 ,0.05244457759914290000 
2004/1/31,0.00451362266616218000 ,0.00210721077247267000 ,0.00804538932058541000 ,0.00373288964442642000 ,-0.02125631946197440000 ,0.01813140207277540000 ,0.01950000175762790000 ,0.02798999817435940000 ,0.00645999829855404000 ,0.01210999919790170000 ,0.00512675458756129000 ,0.01232689487018310000 ,0.01615300763056180000 ,0.01604592373548640000 ,0.01046787873039530000 ,0.01414081886080650000 ,0.03491565374841810000 ,0.01169126003162860000 ,0.01809212595322230000 ,0.06015569160011180000 ,0.02042233187844310000 ,0.01758372389870310000 ,0.04344589883401980000 ,0.02905047548295660000 ,-0.03129137080274400000 ,0.01835497205994810000 
2004/2/29,0.01448216370919720000 ,0.00502615652887495000 ,0.01082414194697550000 ,0.00515221512314690000 ,0.00678738117350597000 ,0.06488200964222270000 ,0.01109999887012480000 ,0.01202000283462110000 ,0.01998999592325170000 ,0.00550000771857206000 ,0.00348248205994084000 ,0.02477382652049180000 ,-0.00109659103222592000 ,0.01674517850928230000 ,0.02164451711687180000 ,0.02308416636410680000 ,0.04586266852891720000 ,0.02928910754610460000 ,-0.00293693615636148000 ,0.03351922555492840000 ,0.00635328953357561000 ,0.02143179972729080000 ,0.00896433154746545000 ,0.02153437101592900000 ,-0.01565411852404030000 ,0.01389944382862750000 
2004/3/31,-0.00477649063324093000 ,0.00321494182486215000 ,0.00748898678414101000 ,0.01107652395099850000 ,0.01771717850671340000 ,0.03087743544531030000 ,0.00358999767393664000 ,0.00057999971080802100 ,0.01122999962763770000 ,0.00432998938119789000 ,0.02495881095102880000 ,0.01739097835825070000 ,0.00667138183301375000 ,-0.00663583296276271000 ,-0.00493019639576686000 ,0.00562666087087194000 ,0.01249785862235430000 ,-0.03116365139945760000 ,0.13427253579244200000 ,-0.01708110867669270000 ,-0.01855019041638740000 ,-0.00875207880620743000 ,0.00931966527091754000 ,0.00020896228230804500 ,0.07648617947747070000 ,-0.01508623261920390000 
2004/4/30,-0.02087686376565350000 ,-0.01007172287501900000 ,-0.02601661565369480000 ,-0.03656403634352960000 ,0.01140684410646390000 ,-0.01773654830743850000 ,-0.02077999745755300000 ,-0.00561999095638632000 ,-0.02839999836017300000 ,-0.00505999875102858000 ,-0.05431102294880120000 ,-0.04649237322039300000 ,-0.00660130733040387000 ,-0.02048124985950040000 ,-0.08338931027871930000 ,-0.02262083475853190000 ,-0.08188427531717770000 ,-0.00829409159821559000 ,-0.05421694654587360000 ,-0.05496883656509700000 ,-0.01162529342169450000 ,-0.02443960649982700000 ,-0.05098440379164260000 ,-0.03671744855378830000 ,-0.09309414937272830000 ,-0.01569842827886240000 
2004/5/31,-0.00226416171924715000 ,-0.00113046606032596000 ,-0.00400587067253722000 ,0.00490036117232773000 ,0.01774098166765240000 ,0.01695473638385230000 ,-0.00190999692198668000 ,-0.00312000082093788000 ,-0.00694999619336911000 ,-0.00344999379974986000 ,-0.01482767350186240000 ,0.01643975415686420000 ,-0.01571150875609620000 ,0.00911077994209930000 ,0.02652895431299850000 ,0.00336251084016470000 ,-0.01994893051450620000 ,0.01624032415525980000 ,-0.03511266861009980000 ,-0.03358676070959650000 ,0.01863884818484180000 ,0.01019834422320030000 ,0.01591628572886820000 ,0.02481298209867560000 ,0.02275371687136380000 ,0.01372289876769070000 
2004/6/30,0.00337285206345017000 ,-0.00010288595092333700 ,0.00565166513530846000 ,0.00292256597772922000 ,-0.01617762861225970000 ,-0.04146226706158220000 ,0.01064999540036030000 ,0.01757999135755380000 ,-0.00110000512044728000 ,0.00161000107320031000 ,0.01468374876105870000 ,-0.00261326745333657000 ,0.01452741274956250000 ,0.02052894862220130000 ,0.04235896558415520000 ,0.02191036151297700000 ,0.00426216897676612000 ,0.01337567950884220000 ,0.05385501469008450000 ,-0.00902815076932795000 ,0.01249575051863760000 ,0.02362819799243820000 ,0.04211339907379390000 ,0.02766239954951600000 ,-0.00328656301352548000 ,0.01944493698096440000 
2004/7/31,0.01154862237162280000 ,0.00365282708236880000 ,0.00991225414054253000 ,-0.00020748280008886500 ,-0.01295242265032110000 ,0.01766682089762430000 ,-0.01882000018606020000 ,-0.00931000393205750000 ,-0.00328999651030148000 ,0.00651998653679220000 ,0.02970225389819460000 ,0.01613455314911620000 ,0.01347643307950500000 ,-0.03265007865521250000 ,0.00078729654920395300 ,-0.03245342147951760000 ,-0.01830968733953480000 ,-0.02751932251086860000 ,-0.05928040537523000000 ,-0.02073951267724640000 ,-0.05653216145912510000 ,-0.01408667250408280000 ,-0.06733318747010110000 ,-0.04372309985096870000 ,-0.00811667723525678000 ,-0.03309693797927840000 
2004/8/31,0.01810154980285140000 ,0.00712528193561601000 ,0.01907508713342490000 ,0.02188726699801990000 ,0.00284857501940627000 ,-0.01822595439162480000 ,-0.00367000042741938000 ,0.00491000234555816000 ,-0.00233000466636180000 ,0.00825001508482570000 ,0.04128311432787580000 ,0.02597344929489060000 ,0.01817195726363810000 ,0.00439562757281720000 ,0.00018400079622171700 ,0.00441603320461659000 ,0.04147316616431200000 ,0.00060340616388288000 ,0.00724371221135178000 ,0.04821787577629630000 ,-0.00493834840646290000 ,0.01422138037533190000 ,-0.00513934503723845000 ,0.00432966684035385000 ,0.04807569364531390000 ,0.00404494160523683000 
2004/9/30,0.00375461870299731000 ,-0.00081437369572956400 ,0.00271349966081247000 ,0.01181708971834380000 ,-0.00567060064826608000 ,0.06846645135829510000 ,0.01987000572429950000 ,0.01364999879876530000 ,0.00835000208137116000 ,0.00355998603483565000 ,0.01663461214023010000 ,0.00157450231548828000 ,0.01393155285126270000 ,0.01891726927899450000 ,0.07563855099172700000 ,0.02613551570279230000 ,0.05769056011121320000 ,0.04010492416669950000 ,-0.02345820882508200000 ,0.03844451519222280000 ,0.00951089826214124000 ,0.01550141944774650000 ,0.04694555894284110000 ,0.03246232197263100000 ,0.02049530315969260000 ,0.01083059071263960000 
2004/10/31,0.00674725519642139000 ,0.00315827008303193000 ,0.00838582775814967000 ,0.02395395738241950000 ,-0.02264842065754680000 ,0.01692245070252670000 ,0.00474999264699139000 ,0.01489000202939630000 ,0.00838000052208265000 ,0.00310999906150022000 ,0.01609691337537320000 ,0.01420114199204910000 ,0.01928020565552700000 ,0.02447046683884250000 ,0.06289937496601670000 ,0.03409967326943140000 ,0.02389623779363650000 ,0.03609558861940990000 ,0.02611290245074980000 ,0.00652788370945312000 ,0.01559633692930510000 ,0.01662379771517420000 ,0.01968399232949070000 ,0.02757766130707080000 ,0.02462641960549910000 ,0.01527727195474290000 
2004/11/30,-0.00864227790120631000 ,-0.00512872594322866000 ,-0.00797640970617230000 ,0.02649697868844950000 ,-0.03835896682185840000 ,-0.01197844472941010000 ,0.03370000420954990000 ,0.04032999908464510000 ,0.02805000188021080000 ,0.01067000661813640000 ,0.00699003756328609000 ,-0.00705807855418117000 ,0.01040404019826150000 ,0.05253124475225010000 ,0.04070666741241410000 ,0.06831342618693890000 ,0.09257202373631790000 ,0.07336063676592560000 ,0.04826126395526090000 ,0.08870266776616380000 ,0.03439842380271060000 ,0.05055796111708480000 ,0.08673848007161380000 ,0.06092971654424310000 ,0.05226928013067320000 ,0.04046156725051110000 
2004/12/31,0.00971613509011360000 ,0.00214373213556551000 ,0.00920103790653282000 ,0.01532193350741930000 ,-0.01100298893784850000 ,-0.04910610459664060000 ,0.01761000292947550000 ,0.02799000056726290000 ,0.00605999745470176000 ,0.00746000619258957000 ,0.02504135716370940000 ,0.01376816365545100000 ,0.01508143572042080000 ,0.03817302912528970000 ,0.01842611288310270000 ,0.04386255394834240000 ,0.04802860575105040000 ,0.04234721587373550000 ,0.05128996912294450000 ,0.03068640094986600000 ,0.03920848542205380000 ,0.03348651134485440000 ,0.02959968275938120000 ,0.04256647416230510000 ,-0.02771925934139040000 ,0.03402866242953180000 
2005/1/31,0.00524995747903056000 ,-0.00040745645309159300 ,0.00627947381484240000 ,-0.01052426385046520000 ,0.01178218290673700000 ,0.01043413085070700000 ,-0.00582000130252902000 ,-0.00147999606690286000 ,-0.00576000196405313000 ,0.00300999126358104000 ,0.00626562450555368000 ,0.00540619829976241000 ,-0.00101896101729260000 ,-0.02251417276627570000 ,-0.03980320320672210000 ,-0.01834701587083090000 ,0.00253693236487984000 ,-0.01853448357802650000 ,-0.02322225233655820000 ,0.00634914329599301000 ,-0.03334850285508110000 ,-0.01775064781249310000 ,-0.04172339208984270000 ,-0.02475150022606940000 ,-0.03615007412475760000 ,-0.02437500972466420000 
2005/2/28,-0.00463375960499379000 ,-0.00244573524915925000 ,-0.00590319742824497000 ,0.00190356589997620000 ,0.00944507126914762000 ,0.07064495978761620000 ,0.02128000084459990000 ,0.01384999414646740000 ,0.01806000706321440000 ,0.00782999756841374000 ,0.00666687631686536000 ,-0.00716998853876094000 ,0.01428398162011060000 ,0.03167777668069530000 ,0.06407493905207300000 ,0.04320922873255210000 ,0.08724995494180930000 ,0.05002492219487030000 ,0.02060367597070960000 ,0.05609757702150620000 ,0.01064250478054940000 ,0.03314202019857970000 ,0.01693844107838680000 ,0.03088460505238900000 ,0.03088026502602910000 ,0.02104421980265260000 
2005/3/31,-0.00704614861589936000 ,-0.00005107774032075960 ,-0.00513600913068279000 ,-0.01209813667175710000 ,-0.01157994923857860000 ,0.03565190438857170000 ,-0.01053000643432680000 ,-0.00197999797567194000 ,-0.00601000305066435000 ,-0.00349999268066647000 ,-0.02545999812564440000 ,-0.00443775410163261000 ,-0.02731487380543980000 ,-0.01941148492388810000 ,0.01384664533770970000 ,-0.02512203336418240000 ,-0.06608912542532930000 ,-0.02518160308114000000 ,-0.02069187321327090000 ,-0.04597271538030270000 ,-0.01821934407955020000 ,-0.01372170845490650000 ,-0.02862675576786840000 ,-0.00786052002813520000 ,-0.01675657064157000000 ,-0.01770805034611140000 
2005/4/30,0.01439793767006310000 ,0.00582315983041326000 ,0.01353404273006900000 ,0.01308672595230910000 ,0.01660555781884620000 ,-0.05834612622001900000 ,-0.02231999534298710000 ,-0.01705999494238990000 ,-0.01061000217928190000 ,-0.00843999984562371000 ,0.01577125272470830000 ,0.02528090919038070000 ,-0.01072570844694880000 ,-0.02178926370186730000 ,-0.05433967978125860000 ,-0.02351054512032710000 ,-0.02684155109918250000 ,-0.02534630582584210000 ,-0.02572926437683700000 ,-0.01318315377081290000 ,-0.01904337681733560000 ,-0.01791056750224810000 ,-0.05726892488954340000 ,-0.03186456478328980000 ,0.01410061865297060000 ,-0.01896600974395290000 
2005/5/31,0.00504345954260388000 ,0.00380884668122494000 ,0.01081866411697500000 ,-0.01339737735940990000 ,0.01370401988631190000 ,-0.00776245975747913000 ,0.01552000276193090000 ,0.01200000371008290000 ,0.00345000296950992000 ,-0.00104000401989490000 ,0.02991668770512510000 ,0.00691895298908096000 ,0.01790294355520520000 ,0.01776737170534660000 ,0.02180081816832780000 ,0.00048322681875689900 ,0.03480771055163800000 ,0.00354901235687399000 ,-0.00911075568164010000 ,0.02830656847370830000 ,0.04838248429793500000 ,0.02407290798005410000 ,0.06545121726158110000 ,0.04791358243505490000 ,-0.03945763024010670000 ,0.03181899750505070000 
2005/6/30,0.00534721828721607000 ,0.00187190124456138000 ,0.00545290781177732000 ,-0.00448458926260276000 ,0.01863636036925320000 ,0.01683341812220900000 ,0.01959999214842470000 ,0.01324999431145040000 ,0.01055000170226150000 ,0.00959001000403692000 ,0.01777178575805860000 ,0.00366048405740393000 ,0.01903105530393860000 ,0.00865306076588523000 ,0.06059178028859020000 ,0.01326948567048580000 ,0.03397467519994410000 ,0.01377365543083920000 ,-0.00099340753048093900 ,0.02793274520780660000 ,-0.00368649054441461000 ,0.01094834104713870000 ,0.03857065774142350000 ,0.02688739867131050000 ,0.04373876572798090000 ,0.00141944518156678000 
2005/7/31,-0.00584620841893302000 ,-0.00297934656365195000 ,-0.00910337425045804000 ,-0.00800684664281825000 ,0.00897306082512173000 ,0.04483159892080990000 ,0.02949000180167770000 ,0.02350999932883320000 ,0.00740999455593805000 ,0.01339998793534660000 ,-0.00246868978805415000 ,-0.01819527119976260000 ,0.01570018422282700000 ,0.03493171852014990000 ,0.05477315953817420000 ,0.03065580494013150000 ,0.06989710102170670000 ,0.03642175949026760000 ,0.00996123620304057000 ,0.06411267605633800000 ,0.04887521840419340000 ,0.02893199829695740000 ,0.06335550296553020000 ,0.05271825345686930000 ,-0.01308840413318020000 ,0.03718844802855980000 
2005/8/31,0.00887601509832781000 ,0.00628038897893046000 ,0.01281949057105810000 ,0.01645913415159030000 ,-0.01775738298018660000 ,0.07547999673676720000 ,0.00740999960437194000 ,0.00887000611585620000 ,0.00724999824554806000 ,0.00690999861169761000 ,0.01940604816804490000 ,0.02498090663525110000 ,0.00361976951040321000 ,0.00753521354698550000 ,0.05896949276907000000 ,0.02526604312508660000 ,0.00856546682386128000 ,0.01490989999358260000 ,0.06957711654226780000 ,-0.02918960892277280000 ,-0.01287884309050590000 ,-0.00434877772505560000 ,-0.01854046953941790000 ,-0.00700205255727260000 ,0.01256398324802220000 ,-0.00912406393542498000 
2005/9/30,-0.00533237234116035000 ,-0.00266760620092610000 ,-0.01030115395440470000 ,-0.01592027546558460000 ,-0.00481299794237211000 ,0.04652566381604760000 ,0.02253000179834990000 ,0.00997999191846555000 ,0.02108000555067880000 ,0.01175001408929740000 ,0.01690499452290030000 ,-0.00525387631839891000 ,-0.01001479677553620000 ,0.02597343038529360000 ,0.05990425974732520000 ,0.04454201368116980000 ,0.09311034963762620000 ,0.02426388417764590000 ,0.10332059769531000000 ,0.05439617039326180000 ,0.00460485210833284000 ,0.01404041392744880000 ,0.00313660783888614000 ,0.01326400603494290000 ,0.07835477941176470000 ,0.00809931555386934000 
2005/10/31,-0.00531690197421997000 ,-0.00020186727226845200 ,-0.00791393795602646000 ,-0.01488601718805840000 ,0.01522663480639390000 ,-0.06283956686709780000 ,-0.01872999773946700000 ,-0.01797999846539680000 ,-0.00634000489916153000 ,-0.00355000200634059000 ,-0.01478979853266580000 ,-0.01257961377583830000 ,-0.00729418450316621000 ,-0.02426103014717440000 ,-0.07218583621098050000 ,-0.02920563964882050000 ,-0.06536044511162460000 ,-0.03148968123871030000 ,-0.01199281356376360000 ,-0.06565827811524830000 ,-0.00971992837789626000 ,-0.02539753873322470000 ,-0.03104936065115100000 ,-0.03004047552047170000 ,-0.00877903260174728000 ,-0.01667086637676060000 
2005/11/30,0.00439068898799988000 ,0.00328100550199362000 ,0.00442260442260456000 ,-0.00709790412426936000 ,0.01687392533989800000 ,0.00258258904551822000 ,0.02134999979559500000 ,0.01290000467632520000 ,0.01462000711464450000 ,0.00823999241312823000 ,0.01527777777777770000 ,0.00197752022692010000 ,0.00482467662315766000 ,0.03331962440822860000 ,0.05378711292689790000 ,0.02445599628129250000 ,0.08272566768220880000 ,0.01686236639697180000 ,0.04268489565263180000 ,0.07370434611457610000 ,0.04314515732072000000 ,0.03270006056168140000 ,0.04854597736982890000 ,0.04436767738811960000 ,0.05997678318070410000 ,0.03782235287907000000 
2005/12/31,0.00687216048668549000 ,0.00387401891728723000 ,0.00950758317025424000 ,0.00987151368376127000 ,-0.00880111896641134000 ,0.03188392186326050000 ,0.02316000241619950000 ,0.01566999562342850000 ,0.01274999769383340000 ,0.01475000307139120000 ,0.01848240533224680000 ,0.00847696563844869000 ,0.00915428243653760000 ,0.02215457930055800000 ,0.04416248333383990000 ,0.04653367774942700000 ,0.05910585580307660000 ,0.03518379931214350000 ,0.08575964953054950000 ,0.06159310285566980000 ,-0.00313492216173394000 ,0.00614111354456703000 ,-0.00457019723133534000 ,0.01033062052400320000 ,0.04851139774478800000 ,0.00034806630331907200 
2006/1/31,0.00289993523065779000 ,0.00150353330326269000 ,0.00005645929466613350 ,0.01261429768436370000 ,-0.01613299789437850000 ,0.01849504306842190000 ,0.03951999324304300000 ,0.03322000274083160000 ,0.02400999316051530000 ,0.02199000554146570000 ,0.01197416552354810000 ,0.00077770208901006800 ,0.01584953957454860000 ,0.04465321221364340000 ,0.08773162311190740000 ,0.06139878303347390000 ,0.11169645842839600000 ,0.06533569145738220000 ,0.05042076992551530000 ,0.07234090774186930000 ,0.01755591179951850000 ,0.03883915386742980000 ,0.08967201439081700000 ,0.05138564528756050000 ,0.10038684719535800000 ,0.02647752233782730000 
2006/2/28,0.00404447068144087000 ,0.00075063804233588300 ,0.00331952218264631000 ,-0.00354656584848645000 ,0.00924160344129210000 ,-0.06260292334205650000 ,0.00020000521520402400 ,0.00965000299847807000 ,-0.00471999138320567000 ,0.00622998956458964000 ,0.02222473242777670000 ,-0.00340263872896296000 ,0.00632235643854551000 ,-0.00148859490574893000 ,-0.01833001999752250000 ,-0.00221214480223808000 ,-0.00118855338595025000 ,0.00083216224328941400 ,-0.00848169688565270000 ,0.00035728124072198500 ,-0.00158903738352978000 ,0.00610256888517191000 ,-0.00275310666730189000 ,-0.00120168812426669000 ,-0.01291966953770440000 ,0.00271372171013495000 
2006/3/31,-0.00635082919999830000 ,0.00120012001200132000 ,-0.00981291859866051000 ,-0.00991317236402234000 ,-0.00054099282157693600 ,0.02224196865084240000 ,0.02545999690065750000 ,0.02475999712597420000 ,0.01146999221837320000 ,0.01334000788270130000 ,-0.01897894911321070000 ,-0.02053035870678030000 ,0.00625048462532063000 ,0.02198878187970350000 ,0.01513966035347750000 ,0.03295861747040290000 ,0.00881177680792389000 ,0.03884577694405490000 ,0.02522170985368600000 ,0.01851665543225640000 ,0.01476565552060420000 ,0.01354844593554110000 ,0.04851704835671320000 ,0.02478054680067760000 ,0.03935535571186890000 ,0.01244707151341000000 
2006/4/30,0.00001338948678086820 ,0.00309659374687854000 ,-0.00181301573106785000 ,0.01892888731704740000 ,-0.01324916987211100000 ,0.06779858587809760000 ,0.01759999973802450000 ,0.01628999572191690000 ,0.02764000071140020000 ,0.01115000083133970000 ,-0.00084480865084057800 ,0.00009878551920494690 ,0.00642591868647369000 ,0.03036064981142970000 ,0.04866297422610800000 ,0.04775868501043280000 ,0.07121232958143220000 ,0.05107955549786760000 ,0.02908797162365830000 ,0.06754908013334980000 ,-0.00136002460099893000 ,0.02541151550106860000 ,-0.00016290233287374900 ,0.00701066754832258000 ,0.12125417630429200000 ,0.01342804498379820000 
2006/5/31,0.00485362397056832000 ,0.00144393547102162000 ,-0.00106685027665698000 ,0.01289798348511480000 ,-0.03890327371036360000 ,0.00956602019874375000 ,-0.02322999773697600000 ,-0.00541999860733089000 ,-0.01364000073235990000 ,0.00203999093901674000 ,-0.02048983963247930000 ,0.00213529955202296000 ,-0.00063120584593712200 ,-0.03415873597808430000 ,-0.02673760400396350000 ,-0.03883377056616470000 ,-0.10478775665843700000 ,-0.02761499809881680000 ,-0.06219217607069890000 ,-0.07463729227580580000 ,-0.03389554763432860000 ,-0.02525936922784790000 ,-0.05616020964763670000 ,-0.03365517190310640000 ,-0.01408881146664210000 ,-0.02878127267976150000 
2006/6/30,-0.00362481313481000000 ,0.00178988713767225000 ,0.00211983595730980000 ,-0.00794516955733549000 ,0.01098925588524420000 ,-0.01553690207333760000 ,-0.00534999945714176000 ,-0.00115999621173823000 ,-0.00483999433307924000 ,0.00552000834859334000 ,-0.00005754733268126260 ,0.00359690852850703000 ,-0.00379149576283067000 ,-0.00029336242763011700 ,-0.01612578921463640000 ,-0.00006617377339301900 ,-0.00244611284143159000 ,0.00325315624947309000 ,-0.01108826458742370000 ,-0.00388463096005887000 ,-0.00394562664370601000 ,0.00639620773064498000 ,0.00642939651571806000 ,0.00115762035872735000 ,-0.04548977061376320000 ,0.00135560197480999000 
2006/7/31,0.01064448102047110000 ,0.00749416844508399000 ,0.01352197931836870000 ,0.00996191773221344000 ,0.00520957071863681000 ,0.03210084982990850000 ,-0.00541999909739566000 ,-0.00437000251147135000 ,-0.00259999975829572000 ,0.00417999139822145000 ,0.03271754143646400000 ,0.01669460173214250000 ,0.01066934775921190000 ,0.00624101196970539000 ,0.00278860815492044000 ,0.00989892908699308000 ,0.01411463755197180000 ,0.01524548127979660000 ,-0.00553456637909311000 ,0.00115437508155924000 ,-0.01904622592759480000 ,0.02430333043466780000 ,-0.03253865375990050000 ,-0.02188516074865950000 ,0.03392059754810430000 ,0.00616848357643618000 
2006/8/31,0.01314065128162060000 ,0.00714285714285712000 ,0.01530829312932980000 ,0.01155506610435970000 ,-0.00936249738069372000 ,-0.03603735089591660000 ,0.01030000000605510000 ,0.01055000353447520000 ,0.00231999608056799000 ,0.00711000531031436000 ,0.02602468723007070000 ,0.01876868504848090000 ,0.01618028077000180000 ,0.02595713051528170000 ,0.04004095628431140000 ,0.02749471010003470000 ,0.02547755529491600000 ,0.03156103905698140000 ,0.01500684047944880000 ,0.03471665196117750000 ,0.03119932619766260000 ,0.01673882169690310000 ,0.02960733448401640000 ,0.02539042988911460000 ,-0.01482551747966210000 ,0.02379298768064510000 
2006/9/30,0.00636705907174062000 ,0.00513573000733691000 ,0.00878399746995573000 ,-0.00007468306569302640 ,0.00518973907418485000 ,-0.06021215724744420000 ,0.00157999766824179000 ,0.00232999892511199000 ,-0.00760000330236510000 ,0.00369999190985393000 ,0.00559432963093709000 ,0.00251620824359722000 ,0.01315380934464730000 ,0.01192357655686750000 ,-0.03023110355019910000 ,0.00154595707539662000 ,0.00832685539173905000 ,0.00856139191994787000 ,-0.01639646519496700000 ,0.03484546771513150000 ,0.02747855372565430000 ,0.01993275020135530000 ,0.00832554843919464000 ,0.01810856999042000000 ,-0.04622987406344650000 ,0.02577025805854060000 
2006/10/31,0.00494711464068409000 ,0.00384428223844280000 ,0.00661488662993448000 ,0.00967358562678000000 ,0.00935080251981080000 ,0.04743572531382160000 ,0.01863000176812600000 ,0.02328999669417640000 ,0.01137000491235200000 ,0.01227000625713410000 ,0.01855302600664350000 ,-0.00160023923611352000 ,0.01460185605814760000 ,0.03670277503933430000 ,0.04781032092532420000 ,0.03889412695404040000 ,0.04749656516599040000 ,0.04288766773814000000 ,0.01740671632072210000 ,0.03032459536773890000 ,0.03515335109267070000 ,0.03273306605701150000 ,0.05757747359860190000 ,0.03937783176130720000 ,0.01387263914424210000 ,0.03258605188402370000 
2006/11/30,0.00632791619335604000 ,0.00513839740171607000 ,0.01160119905010330000 ,0.02435446899414600000 ,-0.01080234567991030000 ,0.05468912722343820000 ,0.01999999838449360000 ,0.01869000415163960000 ,0.02357000335429470000 ,0.01373000320624600000 ,0.01267366634849920000 ,0.01241354714271070000 ,0.01596236123548400000 ,0.02448804166884870000 ,0.02846834645574270000 ,0.02988404438105460000 ,0.07431950488422800000 ,0.03555324994270580000 ,0.00708843445225038000 ,0.07682695191442580000 ,0.01984437773754920000 ,0.02282722905030930000 ,0.02630515001000690000 ,0.03598079408574280000 ,0.06824925816023740000 ,0.01901582115904480000 
2006/12/31,-0.00287259734625311000 ,0.00004822763443468330 ,-0.00580334808543392000 ,-0.01325631278528800000 ,-0.00763514987244107000 ,-0.04592878410402860000 ,0.01345999748099080000 ,0.01650000013115420000 ,0.01269999567176310000 ,0.01610999648842700000 ,0.00665025920301621000 ,-0.02495751429377400000 ,0.01100894006379760000 ,0.02033108954649320000 ,-0.00701414704550463000 ,0.03139255865306100000 ,0.04502997111838040000 ,0.03211053247994600000 ,0.02484866678118250000 ,0.04258291028935780000 ,0.00338621673126904000 ,0.02244977977598570000 ,0.00334861559912336000 ,-0.00011273212421947200 ,-0.01743827160493820000 ,0.01402764989783760000 
2007/1/31,-0.00243042716613673000 ,0.00207368827160481000 ,-0.00041023139868856500 ,-0.00982846049263253000 ,0.01830186093203420000 ,0.00210494135779871000 ,0.01157450417145390000 ,0.01574345089902710000 ,0.00371802789200060000 ,0.01366870987668170000 ,-0.00304307116104874000 ,0.00230673263917303000 ,0.01074376019498270000 ,0.01180522121303370000 ,-0.00295503098241168000 ,0.00676678117171603000 ,-0.01055758239008640000 ,0.00590801826991583000 ,0.00845917886998793000 ,-0.01139785642586530000 ,0.02570594825471950000 ,0.01278781859295640000 ,0.01673436172139800000 ,0.03379071370294520000 ,0.02591487356682890000 ,0.01512354954675540000 
2007/2/28,0.01135854466134510000 ,0.00808508590403778000 ,0.01541992476494940000 ,0.02057846570240240000 ,-0.00370080697478425000 ,0.03367505179799400000 ,0.00627009953726843000 ,0.01023892602492520000 ,0.00223363601353910000 ,0.00756266384615234000 ,0.01716626229422660000 ,0.02275938539521620000 ,0.01392915452992740000 ,-0.00520374953923819000 ,0.00704287778445445000 ,0.00806905289216298000 ,-0.00593539364409357000 ,-0.00359814845340822000 ,0.04022667156713160000 ,-0.00172775212079523000 ,-0.01879655608384180000 ,-0.01558983782883250000 ,-0.00793504472898776000 ,0.00161626409560789000 ,0.02472443355786890000 ,-0.01955899204619340000 
2007/3/31,-0.00046020953762182500 ,0.00386690218169661000 ,0.00003050896582257320 ,0.00236382048660588000 ,-0.01032577805419220000 ,0.00974849437870628000 ,0.01008826341592890000 ,0.01357859869295600000 ,-0.00089686062517790900 ,0.00753472647036668000 ,0.00974633871091846000 ,0.00303699252384959000 ,0.00232254710500235000 ,0.01830536510720890000 ,0.02736069265295700000 ,0.02549019356022050000 ,0.03967525144533090000 ,0.03624160549251050000 ,-0.01321813718138510000 ,0.02271291822857280000 ,0.00542369598113135000 ,0.01546106910747880000 ,0.01070538625728150000 ,0.00801792422599457000 ,-0.00830656607156210000 ,0.01118502623353360000 
2007/4/30,0.00249746719129185000 ,0.00351911736731991000 ,0.00539229519574702000 ,0.01130271251194470000 ,-0.01677798287890650000 ,0.01155115511551140000 ,0.01857919943915400000 ,0.01987120460750620000 ,0.01627321558627060000 ,0.01419054309856630000 ,0.00866163732886283000 ,0.00781448909354809000 ,0.01323276566149520000 ,0.04411288494258710000 ,0.06048989880226310000 ,0.04443389816606880000 ,0.04744344916093610000 ,0.06459632361532330000 ,-0.01946318960077200000 ,0.04460948653374190000 ,0.04707987296336700000 ,0.03695244300003280000 ,0.01796242738372180000 ,0.03808822986522080000 ,0.02208529806113390000 ,0.04429526369946800000 
2007/5/31,-0.00357675856071815000 ,-0.00099516633494456400 ,-0.00757851615839777000 ,-0.01559266039249630000 ,-0.00805997703581951000 ,0.00129422175135296000 ,0.02237528100188450000 ,0.02174931882327050000 ,0.01810733895532770000 ,0.01487341280084960000 ,-0.00385293376983131000 ,-0.01675664191666350000 ,0.00711499500570878000 ,0.02800882148500920000 ,0.08534870730574260000 ,0.01752403285743950000 ,0.04854223174456740000 ,0.01758380737561000000 ,0.01631900834557330000 ,0.05772626762077330000 ,0.03597520489819010000 ,0.03606908685779000000 ,0.04095547629371850000 ,0.03771539493050890000 ,-0.02645736605497830000 ,0.03489505239219600000 
2007/6/30,-0.00298912015299901000 ,0.00436411934917702000 ,-0.00295824064943706000 ,-0.00443490557644211000 ,-0.00305398569090454000 ,-0.01396854597265810000 ,0.00888066856010528000 ,0.00003546697158185450 ,0.01506501881038820000 ,0.00562163363031232000 ,-0.01888414187122380000 ,-0.00238790424005353000 ,-0.01685402529506510000 ,-0.00771334791823652000 ,-0.00174461357993339000 ,0.00122181608424254000 ,0.04687612958214760000 ,-0.00019685740052044500 ,-0.00299777426483461000 ,0.05019871155067610000 ,-0.01492726451014580000 ,-0.02336562824653200000 ,-0.01462873674864250000 ,-0.02254674022047880000 ,-0.01642694928084790000 ,-0.01661314966382050000 
2007/7/31,0.00806864981340238000 ,0.00892646294809429000 ,0.00834138338163370000 ,0.02030813264734710000 ,-0.01822953556612360000 ,0.02075121406948790000 ,0.00167332507465301000 ,-0.00882299597976488000 ,0.00793077588380320000 ,-0.00580388110872621000 ,-0.00901829425405820000 ,0.02370016994146470000 ,-0.03140049181290960000 ,-0.02214632841837830000 ,-0.00255753896190392000 ,-0.01472792637880120000 ,0.05276321418053700000 ,-0.02129444210648180000 ,-0.00162718000148276000 ,0.07199781583931220000 ,-0.01550296011445670000 ,-0.04624404049933450000 ,-0.06839471555797120000 ,-0.03722899192576990000 ,0.02255060417147690000 ,-0.03100489251114650000 
2007/8/31,0.00275162748400626000 ,0.01039228536653880000 ,0.01225650461519740000 ,0.01231267768155300000 ,0.00040967397423696800 ,-0.03631031310850690000 ,-0.01667413317919010000 ,-0.01698380057271510000 ,-0.02110948489179270000 ,-0.00688138495544999000 ,0.01211648465938620000 ,0.01334973512107380000 ,0.01114638643579040000 ,-0.00075867142747898500 ,0.00006499349497102180 ,-0.01562699214249640000 ,-0.02125206611992110000 ,-0.01104141114915160000 ,-0.02937621160581770000 ,-0.01334992536808210000 ,0.01593441250634790000 ,0.01120495182917900000 ,0.02266586897089650000 ,0.00170940425201294000 ,0.01369863013698640000 ,0.01499022398764200000 
2007/9/30,0.01135125304552040000 ,0.00694959229058556000 ,0.00758626646837035000 ,0.02244358097991990000 ,-0.02158921891197550000 ,0.08004574219500560000 ,0.03176364437452510000 ,0.01547859636273200000 ,0.03229234238392520000 ,0.01350183833318640000 ,0.02270975697477270000 ,0.00887091269485429000 ,0.02443956947967370000 ,0.04755552074434880000 ,0.09776871456469080000 ,0.05349982302684820000 ,0.11044077161566700000 ,0.05062638521864390000 ,0.02306912327336330000 ,0.12195799351735700000 ,0.04189019746166280000 ,0.03434783530906070000 ,0.01716469702745770000 ,0.03289036756687350000 ,0.10424710424710400000 ,0.03739851836365200000 
2007/10/31,0.00408968279527389000 ,0.00391092297782270000 ,0.00898295928129156000 ,0.01629928719139540000 ,-0.02522572323567330000 ,0.03333648965444010000 ,0.03092841849187970000 ,0.02258997329142050000 ,0.03257630915557400000 ,0.02100254545926460000 ,0.02383823160010050000 ,0.01376910514746150000 ,0.00605447184394547000 ,0.03067158352413450000 ,0.09358830686704000000 ,0.03929096112671940000 ,0.11152090723460400000 ,0.04660183932272970000 ,-0.00381624593192542000 ,0.10674689040780700000 ,0.03403417935361300000 ,0.00011097627761436100 ,0.02869060005876610000 ,0.01613837778757500000 ,0.07126143087681560000 ,0.01590668645105060000 
2007/11/30,0.00916490735463649000 ,0.01732435033686230000 ,0.01798313988282140000 ,0.01911052479912150000 ,-0.02335764649331510000 ,-0.03136133287053100000 ,-0.02890241815365370000 ,-0.02523479861580970000 ,-0.00892392564906597000 ,-0.00531992259298064000 ,-0.00370470325572259000 ,0.04690068152552840000 ,-0.02046364983312800000 ,-0.04087582768530360000 ,-0.11122587304607000000 ,-0.03288346954061590000 ,-0.07090518994442330000 ,-0.03200850602335770000 ,-0.01832913720904970000 ,-0.08542024645617290000 ,-0.03683704437201140000 ,-0.04887480129007660000 ,-0.07180586722770950000 ,-0.04775552137092310000 ,-0.01611870598425790000 ,-0.04180641175863590000 
2007/12/31,0.00403555974241310000 ,0.00247781231697974000 ,0.00280876450650669000 ,-0.00298128297509226000 ,0.02023599676489480000 ,0.04632329122125030000 ,0.00528135296951304000 ,-0.00268164478682709000 ,0.00984639492278472000 ,0.00643647004580128000 ,0.00623029944838471000 ,-0.00468870311296887000 ,0.00293182447080320000 ,-0.01290126881544430000 ,0.02710744248558730000 ,-0.02250753541417880000 ,0.00352518957388015000 ,-0.01751808116086890000 ,-0.03958096429223970000 ,-0.00391581430811505000 ,-0.00361597773098743000 ,-0.00966932800389564000 ,-0.00062400554834252100 ,-0.00316475227461477000 ,0.06401275917065390000 ,-0.00693786105762106000 
2008/1/31,0.01885469201728470000 ,0.01739169512852760000 ,0.01679814720995880000 ,0.02777882662643560000 ,-0.00884339360825626000 ,0.04223677361023580000 ,-0.04473907154721240000 ,-0.02528262106987370000 ,0.01082649431250560000 ,-0.01291928081928910000 ,0.00844325885318509000 ,0.04700492428951960000 ,-0.01358712210975310000 ,-0.07641944440639250000 ,-0.06389738478390740000 ,-0.09237844452552260000 ,-0.12479390418663400000 ,-0.10434065336766100000 ,-0.04570318331447910000 ,-0.13852237409157600000 ,-0.07797679589021730000 ,-0.04005244887323280000 ,-0.06819426807671350000 ,-0.06515127970946690000 ,0.11040627398311600000 ,-0.05998139215748430000 
2008/2/29,-0.03246428282403580000 ,0.01046866027651410000 ,0.00138798926621631000 ,0.01672749755896330000 ,-0.00650099941757598000 ,0.12283980799461600000 ,0.01308994331700240000 ,0.00407790797989072000 ,0.04219246773710970000 ,-0.00092242318620394700 ,-0.00167451342037572000 ,0.01879007059021110000 ,-0.01187467074386580000 ,-0.00578793102841113000 ,0.06163054778922760000 ,0.01432688470441420000 ,0.07381234042784570000 ,0.01605754001176020000 ,0.00688835483742167000 ,0.05808273008613660000 ,-0.01986099483933200000 ,-0.04189832353349210000 ,-0.03706693776008620000 ,-0.02287587087281150000 ,0.05203079946867660000 ,-0.03248571002484480000 
2008/3/31,0.02317999697156870000 ,0.00253540828816234000 ,0.00341185334717031000 ,0.02039968566454760000 ,-0.03199384590825840000 ,-0.06342023013801260000 ,-0.02842707493819430000 ,-0.01413383592333020000 ,-0.01221171641582510000 ,-0.01992931989830550000 ,-0.00041325327564001300 ,0.00707894272090415000 ,-0.00519074106555184000 ,-0.00958506291200301000 ,-0.05527724470379610000 ,-0.01052183215794280000 ,-0.05291938375329870000 ,0.00416134333707463000 ,-0.04056113533458440000 ,-0.06122571854105260000 ,-0.00608852679191851000 ,-0.00751954022348389000 ,0.00418892044826480000 ,-0.01447572810352990000 ,-0.05880903743699760000 ,-0.00431809655332738000 
2008/4/30,0.00394314133951235000 ,-0.00885148687538151000 ,-0.00208973832225889000 ,-0.01908769179760950000 ,0.00123254603921952000 ,0.03563590187128480000 ,0.02445344462101360000 ,0.01000055500638130000 ,-0.00032812755284550300 ,0.01385598757161180000 ,0.01011673151750970000 ,-0.03331043855675220000 ,0.04165706544888300000 ,0.05255798227314570000 ,0.07053372793836090000 ,0.05427799098375100000 ,0.08115376987486170000 ,0.04525427939683540000 ,0.07265587054129410000 ,0.08138424095946300000 ,0.05250006703305490000 ,0.04874582842938540000 ,0.04187060725437460000 ,0.06757537049470660000 ,-0.04289547159933690000 ,0.04870342048383040000 
2008/5/31,0.00466142761075750000 ,-0.00351942281465845000 ,-0.00733295000390422000 ,-0.01105765001070980000 ,0.00444561820502676000 ,0.02733995973951360000 ,0.02381915165688510000 ,0.01518434841440960000 ,0.01204555355786030000 ,0.01271585794860260000 ,0.00122785053929109000 ,0.00711417756116450000 ,0.00428350932702326000 ,0.01524861399926250000 ,0.07574092337200210000 ,0.00973790953723386000 ,0.01855202639632350000 ,0.00442234061792623000 ,0.02516957170050870000 ,-0.03331887039227850000 ,0.03665348946104290000 ,-0.00158638862508531000 ,0.04593680126030760000 ,0.04531581277230260000 ,0.01019884906842930000 ,0.01295260361354610000 
2008/6/30,-0.00868803741277968000 ,0.00282548231866153000 ,-0.00080807791873460700 ,0.00085175835372153200 ,0.00891832291990613000 ,0.09099004062223210000 ,-0.02439663959835610000 ,-0.01598968647140330000 ,0.01192311453899640000 ,-0.00628023903141772000 ,-0.01926082670065170000 ,0.01544456486170880000 ,-0.02679457934162470000 ,-0.07975761280331150000 ,-0.03627748024112700000 ,-0.08178813137267790000 ,-0.09975410571327380000 ,-0.08703251267671000000 ,-0.06817030140757150000 ,-0.11899187884463200000 ,-0.07202196881779700000 ,-0.09572173456373310000 ,-0.07698782145342530000 ,-0.07994656392806480000 ,0.04388042865200230000 ,-0.08430389195577730000 
2008/7/31,0.00855085593137517000 ,0.00409421087387196000 ,-0.00081588835212032000 ,0.00137732338893981000 ,-0.00736413961041227000 ,-0.11854241456465600000 ,-0.02844547224031290000 ,-0.01431630532218210000 ,-0.02623745405033220000 ,-0.00815098532342395000 ,0.01113127053400680000 ,-0.00920218917851423000 ,-0.01602692702064100000 ,-0.02443408043842290000 ,-0.06988230053717060000 ,-0.03209496245800350000 ,-0.03771999478165640000 ,-0.02874019094758040000 ,-0.03408115390792980000 ,-0.00918137335752378000 ,-0.01901231557874430000 ,-0.00361050409274422000 ,0.03700634411788490000 ,-0.02543668518041700000 ,-0.01224335422519980000 ,-0.00840617505276597000 
2008/8/31,0.01180065653934980000 ,0.00495440196422314000 ,0.00949065618038691000 ,-0.01652835034857880000 ,0.04543433553572250000 ,-0.07284192215699070000 ,-0.02174357019946640000 ,-0.00504569838667002000 ,-0.01178722405450190000 ,-0.00144011912397224000 ,0.00807468477206608000 ,0.01319595503874590000 ,0.00322727359856678000 ,-0.01404913879850440000 ,-0.01979939722497630000 ,-0.04052379103927330000 ,-0.07987348001481700000 ,-0.03937779779789490000 ,-0.03978173448826610000 ,-0.06900085081197050000 ,0.01076742740542520000 ,0.01698788767326140000 ,0.03614392496112280000 ,0.01848371323705010000 ,-0.09071515310643610000 ,0.01446489614246270000 
2008/9/30,-0.03103417313806700000 ,0.00785306051219403000 ,-0.01343155758642210000 ,-0.02352781095671090000 ,0.02050732992917160000 ,-0.11527921242911700000 ,-0.08140379454204820000 ,-0.06006350831973650000 ,-0.01214432779163700000 ,-0.05898082472588380000 ,-0.06843383927068060000 ,-0.04631821493635500000 ,-0.08297392267995570000 ,-0.11893603561565000000 ,-0.14228456183607900000 ,-0.14458989497882600000 ,-0.17500313244681200000 ,-0.15084511325501200000 ,-0.11209993292362800000 ,-0.16556538738144500000 ,-0.11580462484802900000 ,-0.07347034854224570000 ,-0.07968040214548630000 ,-0.12261996041675200000 ,0.04788545990495100000 ,-0.08910748644993070000 
2008/10/31,-0.00156106175009041000 ,0.00956668542487349000 ,-0.02360427899252190000 ,-0.03686211424561180000 ,0.06683592401147840000 ,-0.21283224323004100000 ,-0.09458350993852700000 ,-0.08190950689695720000 ,0.01631711814314450000 ,-0.08031173892609260000 ,-0.14891034910142500000 ,-0.07639554108696060000 ,-0.16298381261578000000 ,-0.18960094162640000000 ,-0.26996123578929000000 ,-0.20178299453204600000 ,-0.27367845223492700000 ,-0.21244625432175000000 ,-0.14782276083416100000 ,-0.24065749876195200000 ,-0.17605926158179800000 ,-0.17311333855126600000 ,-0.20802932881659800000 ,-0.22351643548755200000 ,-0.16809231299156100000 ,-0.16794757601381300000 
2008/11/30,0.01238427225980130000 ,0.01209158734242340000 ,0.03254984863105030000 ,0.02891508629050720000 ,0.02964771711214100000 ,-0.06958265541639870000 ,-0.03771666432707430000 ,-0.03656644757432350000 ,0.00732845400378257000 ,-0.02802441164477920000 ,0.02478686933042070000 ,0.04686969221181150000 ,-0.08432300812860950000 ,-0.06472868780613280000 ,-0.05710093086306990000 ,-0.05405082179008280000 ,-0.07527697817524760000 ,-0.06857450047694100000 ,-0.01245857952463460000 ,-0.05921564200968210000 ,-0.07952931752070620000 ,-0.07170882887284170000 ,-0.11828683319803500000 ,-0.10177123873092500000 ,0.12904561451935700000 ,-0.07175490407498900000 
2008/12/31,0.01668067653563220000 ,0.00563463819691590000 ,0.03730917391924660000 ,0.06213093993745500000 ,-0.02586489311987830000 ,-0.04483936559577070000 ,0.00219404944833723000 ,-0.01498843130721530000 ,0.01112757929841910000 ,-0.00235920039212667000 ,0.07768369944934570000 ,0.03418767386228970000 ,0.07474408972058690000 ,0.03208384262009780000 ,-0.02856832005577080000 ,0.06012200565879210000 ,0.07799572663441580000 ,0.05249863901440180000 ,0.08126356179107040000 ,0.09895684052657880000 ,0.01807327464050430000 ,0.01388066574567470000 ,0.05804084120694910000 ,0.04271555361788760000 ,0.07823482672208290000 ,0.01064006638477720000 
2009/1/31,0.03364079400597350000 ,-0.00311749589248855000 ,-0.00882332714393774000 ,-0.03270117538032520000 ,0.00570721351729286000 ,-0.05375222459701800000 ,-0.00881165761535152000 ,0.00369572167043142000 ,-0.00099477657619540000 ,0.02054702616642470000 ,0.00851601560353843000 ,0.01079702567605700000 ,0.05307925441158210000 ,-0.08760573326567460000 ,-0.03560566029337750000 ,-0.09813266547386000000 ,-0.06458053727122470000 ,-0.11058819166539700000 ,-0.06796765173708500000 ,-0.05449108697102590000 ,-0.04810466264789510000 ,-0.11498953737347500000 ,-0.11122142101588000000 ,-0.07396446903793350000 ,0.05192449407629950000 ,-0.08428631993921450000 
2009/2/28,-0.00386569516526403000 ,-0.00101424164307151000 ,-0.00377444892351886000 ,-0.02233985721917330000 ,0.02636532061660860000 ,-0.04433315785447860000 ,-0.02203964673575750000 ,-0.01411980696445360000 ,-0.00122486526493693000 ,0.00518347743863012000 ,-0.01193070385704940000 ,-0.03927375960717070000 ,-0.03466670742705170000 ,-0.10235930636007800000 ,-0.08608171964625300000 ,-0.10259344659306300000 ,-0.05641170986543090000 ,-0.10159705489366000000 ,-0.12382180352883000000 ,-0.06528446887809760000 ,-0.07522863611754370000 ,-0.13360963908420500000 ,-0.12152355349228900000 ,-0.09950551146556330000 ,0.01562752600096990000 ,-0.10647796709532400000 
2009/3/31,0.00129925421999388000 ,0.00549938660687843000 ,0.01390136715349310000 ,0.02301374858314390000 ,0.00629444591507822000 ,0.03603175201039590000 ,0.02899969623111430000 ,0.01276725416676830000 ,-0.00614553185073397000 ,0.00995704004840725000 ,0.03738214699233610000 ,0.06610399646370050000 ,0.03303663322664210000 ,0.07540884594469090000 ,0.09342277516571260000 ,0.06337618104100380000 ,0.14370684960143500000 ,0.06930179146549500000 ,0.02099654190034860000 ,0.13800013725893900000 ,0.08919605833893440000 ,0.08550175060028130000 ,0.08926703486903140000 ,0.09153452517857860000 ,-0.02461930280681280000 ,0.08759555533124730000 
2009/4/30,0.01312324656714000000 ,-0.00147250620556183000 ,0.00478090933445063000 ,0.00899548777173731000 ,-0.01835218385988620000 ,0.00733018554958220000 ,0.05444284485580280000 ,0.03190216206269380000 ,-0.00089184079217896600 ,0.03099712667758100000 ,0.05386659580122230000 ,-0.01305335049916530000 ,0.11465983489894700000 ,0.11217943710229900000 ,0.13877155965399600000 ,0.12804048433085600000 ,0.16641013258322800000 ,0.13942995059640300000 ,0.09625778271253730000 ,0.16752704772702600000 ,0.09600598874076250000 ,0.10719166652456000000 ,0.15458261209810900000 ,0.15371899401359000000 ,-0.03367241473100140000 ,0.09570935169694810000 
2009/5/31,0.00486759866018183000 ,0.00168534591724945000 ,0.00725346094684665000 ,0.03568959860002190000 ,-0.04102825269795070000 ,0.13004484304932700000 ,0.06374442514570530000 ,0.04742967111051530000 ,0.03535245271348140000 ,0.03932908087243140000 ,0.03784955997680100000 ,0.00328050592449580000 ,0.07112997835200210000 ,0.09060598098827330000 ,0.21199563227953400000 ,0.11830619437949700000 ,0.17086577026774000000 ,0.12130278866030600000 ,0.10301451830257500000 ,0.16082377309565700000 ,0.04957177495948820000 ,0.06183634403397220000 ,0.03014900124480620000 ,0.04342238923527560000 ,0.10239810853411400000 ,0.05593307278444800000 
2009/6/30,-0.00731250955476870000 ,-0.00159838479010677000 ,0.00568767986099816000 ,0.00413704905637258000 ,-0.02430000606931160000 ,-0.01902685957011910000 ,0.00182148147964756000 ,0.01527781652896200000 ,-0.01169011057235530000 ,0.01546038057651390000 ,0.01319306088731230000 ,-0.00536708952278819000 ,0.03179749955526030000 ,-0.00451150625134233000 ,-0.05455351486472370000 ,-0.00568750597432177000 ,-0.01347055001135840000 ,-0.01958256414732300000 ,0.01758610026216020000 ,-0.00469448053681720000 ,0.01118719915201940000 ,-0.00738508974417429000 ,0.01468777039782050000 ,0.00348173468393331000 ,-0.05366899862125310000 ,0.00198399833151619000 
2009/7/31,0.01716306195913300000 ,0.00147455342096392000 ,0.01612968536990310000 ,0.02214469497506700000 ,-0.00793239386972777000 ,0.03231700865205390000 ,0.03203056835719290000 ,0.02796102175971370000 ,0.00491940605626606000 ,0.02969249857127480000 ,0.03086256924294380000 ,0.00978049316801122000 ,0.06183067573644550000 ,0.08469708569228620000 ,0.11965358452529100000 ,0.09130120087326650000 ,0.11244786791276700000 ,0.10502748480255900000 ,0.04276776978453680000 ,0.13016537238965100000 ,0.07102638798015850000 ,0.08185082353923570000 ,0.09631068588964650000 ,0.08852810552621880000 ,0.02957047269587740000 ,0.07563693470772950000 
2009/8/31,0.00745631430574778000 ,0.00391233015018289000 ,0.01035440078637650000 ,0.01756576454637140000 ,-0.01561281473498580000 ,-0.00582662824298386000 ,0.01367266093463200000 ,0.02300281323285410000 ,0.00374679876399231000 ,0.01752228727652130000 ,0.01900530380571320000 ,0.00145352412112176000 ,0.02033857449191250000 ,0.04125476065140220000 ,-0.01465136838328340000 ,0.05435837480483710000 ,-0.00357987452628039000 ,0.06306720756691120000 ,0.03935062017461340000 ,-0.03262761479793660000 ,0.02073906781649740000 ,0.05230598237492720000 ,0.02867460147768040000 ,0.04861712614226370000 ,-0.00288259958071280000 ,0.03610399227941000000 
2009/9/30,0.02349097347217730000 ,0.00238853503184733000 ,0.01050465741538110000 ,0.02137056776851230000 ,-0.01693001208907420000 ,0.01573448063921350000 ,0.03216910744326460000 ,0.03761802601025190000 ,0.01708899869520120000 ,0.02451063249058640000 ,0.04917246889624470000 ,0.01964950407510210000 ,0.05976011300380430000 ,0.03985834563514870000 ,0.07215769761352630000 ,0.03828830241598950000 ,0.09077013059458740000 ,0.04640709392394650000 ,-0.01722211383032070000 ,0.08840126930122990000 ,0.04253558885180950000 ,0.03863602190169190000 ,0.05767699291231980000 ,0.05670500353793060000 ,0.05934296977660970000 ,0.03731532204676750000 
2009/10/31,-0.01560291670827660000 ,0.00221562643702189000 ,0.00493751666981090000 ,0.00469824138313379000 ,-0.01663573226784030000 ,0.03279641464281100000 ,-0.00717026670593479000 ,0.00536640502800934000 ,-0.00515557803548561000 ,0.01255716496179350000 ,0.00147957962531819000 ,0.01870451865781450000 ,0.01786325222961690000 ,-0.01779133139527780000 ,-0.05171120408441450000 ,-0.01249587001943940000 ,0.00123719035546643000 ,-0.01161405945966510000 ,-0.02507883123870520000 ,-0.00527874001547923000 ,-0.01354485000400610000 ,-0.03060471455608600000 ,-0.06789496470588230000 ,-0.04402784141034420000 ,0.03741192815322010000 ,-0.01857681438593680000 
2009/11/30,0.01256394704297170000 ,0.00608993075832154000 ,0.01294665976178160000 ,0.02546366719867880000 ,-0.00582436845479195000 ,0.03517430663467810000 ,0.01566325705507770000 ,0.01259131531661370000 ,0.02169987979554480000 ,0.00610456562481265000 ,0.01047211419384260000 ,0.02649811308568160000 ,0.01013228857098540000 ,0.04086283436349270000 ,0.07392300074659740000 ,0.02002184727624590000 ,0.04295531328592790000 ,0.02902953444618350000 ,-0.01025305034902190000 ,0.02690769271445110000 ,0.06143253629376620000 ,0.05636326880733430000 ,0.03139015082975760000 ,0.04829854182530300000 ,0.12837191505643800000 ,0.05998354764127980000 
2009/12/31,-0.00039226224514099500 ,-0.00796019900497502000 ,-0.01563139059304710000 ,-0.03762684674422180000 ,0.01213810738862930000 ,0.01978935176225470000 ,0.02068090275921990000 ,0.02358603337699530000 ,-0.01302321932086740000 ,0.02051222844542180000 ,0.00320368100797697000 ,-0.02748431598480230000 ,0.03134617353545210000 ,0.01795718130883570000 ,0.03102195660602610000 ,0.01440272399280480000 ,0.03949127865466730000 ,0.01509350287099930000 ,0.00771208744182816000 ,0.04347490262283890000 ,0.03090844916289100000 ,0.01769566694079080000 ,0.08049426246552450000 ,0.05695237529895420000 ,-0.07006612410986770000 ,0.01931507426081860000 
2010/1/31,0.00571509141725524000 ,0.00768973587428956000 ,0.01527584818936070000 ,0.00413088224501923000 ,0.00736250049451659000 ,-0.07277921819371260000 ,-0.01271297151053250000 ,0.00692155203602773000 ,-0.01953057086621040000 ,0.01531765683898260000 ,0.00368639890265343000 ,0.02051788628453430000 ,0.01515512063803050000 ,-0.04133085034095960000 ,-0.07415490933159640000 ,-0.04405741901843460000 ,-0.05577202210098640000 ,-0.05908505607953410000 ,0.01898190163366280000 ,-0.06040162001543890000 ,-0.04363611600512460000 ,-0.02812332180798350000 ,-0.03681136571620140000 ,-0.03341739427071480000 ,-0.01467705911846500000 ,-0.03597340733246670000 
2010/2/28,0.00951100038005137000 ,0.00190776376907764000 ,0.00373432574318855000 ,0.00074427345710548200 ,0.02266817977455050000 ,0.03712717201409380000 ,0.00916944789158580000 ,0.00805749996396754000 ,0.00159729138591524000 ,0.00562425586478588000 ,0.01415759128763620000 ,-0.01808735798228570000 ,0.00154882910245568000 ,0.01409654507168210000 ,0.05749671605713250000 ,-0.00685561312640659000 ,0.00351983443122883000 ,-0.01989663533010720000 ,0.01119162631246960000 ,0.00502691651192011000 ,0.03436625173517770000 ,0.03156571819024840000 ,0.04504580438183850000 ,0.05003348485028640000 ,0.03400101771753720000 ,0.03097728635672440000 
2010/3/31,-0.00565835767496592000 ,-0.00256643761900821000 ,-0.00122952647304286000 ,-0.00755817174067963000 ,-0.00414870725328564000 ,-0.01242369699375290000 ,0.03153863261599100000 ,0.03036364781113690000 ,0.01590178150714320000 ,0.01620563964107700000 ,0.02332975385846340000 ,-0.00786560900244426000 ,0.03095739624749250000 ,0.06193040262774210000 ,0.08259755691837630000 ,0.06242298202490560000 ,0.08073252485212760000 ,0.06480789769480030000 ,0.04994128003460550000 ,0.07239879808140960000 ,0.05784271760156810000 ,0.06509958584051060000 ,0.08138853283021040000 ,0.07068842289971200000 ,-0.00389226914817453000 ,0.06034487762221490000 
2010/4/30,0.00923690082352602000 ,0.00278054448871168000 ,0.01040962379925750000 ,0.00016093982852760600 ,0.00242539645392137000 ,0.01944268915978100000 ,0.01189742036192580000 ,0.01741003337384920000 ,0.00817606350771616000 ,0.01389754781158790000 ,0.00761301207794074000 ,0.03255033713035950000 ,0.02238854820536470000 ,0.00014047665617478200 ,0.01420736303715460000 ,-0.01809431983646980000 ,0.01211514125698490000 ,-0.02705588457851720000 ,-0.00156354040726858000 ,0.02061600899405150000 ,0.01117389762383250000 ,0.02587545829386960000 ,0.05659424338458030000 ,0.03760324334605800000 ,0.05924096114978660000 ,0.01578738008314160000 
2010/5/31,0.00744918932595473000 ,0.00455241484914959000 ,0.00841493592576237000 ,-0.01563117425877600000 ,0.04087994418106140000 ,-0.06922950608681770000 ,-0.04046352268009970000 ,-0.02663760042699940000 ,-0.01583117902940600000 ,-0.01789436229394050000 ,-0.01578485225950040000 ,0.00377036772340134000 ,-0.03520480168265970000 ,-0.09578833241814080000 ,-0.06883025300738810000 ,-0.11506149564175200000 ,-0.08795673340004830000 ,-0.12174811641719600000 ,-0.08086753691987670000 ,-0.08388467519711880000 ,-0.07634150284661420000 ,-0.08219603889044390000 ,-0.07585332150560850000 ,-0.07354051782033730000 ,0.03137720488466770000 ,-0.07985057820115300000 
2010/6/30,0.00204516153590273000 ,0.00465537840398800000 ,0.01568137472807110000 ,0.01531652507815000000 ,0.00712388681303544000 ,0.00318235712968784000 ,-0.01845359378297660000 ,-0.01090300827266440000 ,-0.00115937790145371000 ,0.00365605686547199000 ,0.02006307315656250000 ,0.01923737816859750000 ,0.01303808210009990000 ,-0.03428619564502040000 ,-0.05216436971393960000 ,-0.00997256856877793000 ,-0.00735086548563635000 ,-0.00743410138841549000 ,-0.02006494968637020000 ,0.01696404307832070000 ,-0.05506537354087570000 ,-0.05629450399840930000 ,-0.07749400111231330000 ,-0.06246570931426450000 ,0.02141917447788200000 ,-0.05234867365864470000 
2010/7/31,0.01307627545195510000 ,0.00266546379069954000 ,0.01066885262067950000 ,0.03397992493698210000 ,-0.02897349526872950000 ,0.06774238651212430000 ,0.02356706314221220000 ,0.01971551659323860000 ,-0.00062309587989517500 ,0.01701495197794970000 ,0.04116749720329520000 ,0.00350214435523322000 ,0.03465107105971430000 ,0.08107314760077490000 ,0.07134622123015450000 ,0.09482869621707630000 ,0.08327506496488240000 ,0.11644609567315800000 ,0.03559841571816040000 ,0.05785111865995060000 ,0.07133194535870470000 ,0.06769974074946970000 ,0.06871935257558490000 ,0.07186013308218220000 ,-0.04930569531092780000 ,0.07006358917672210000 
2010/8/31,0.01911323086353730000 ,0.00196310989325599000 ,0.01286750132638950000 ,0.01391746098783430000 ,-0.01071702696327880000 ,-0.02545139973424610000 ,-0.01372638629952830000 ,-0.00383656610186589000 ,0.01689074476173750000 ,0.00818782616610636000 ,0.02326671745882900000 ,0.01711580161324620000 ,0.00156399866366352000 ,-0.03733510338511400000 ,-0.01949814254623830000 ,-0.03104839653611380000 ,-0.01942080133418330000 ,-0.03679552568756690000 ,-0.02284328844325310000 ,-0.01144338173211350000 ,-0.04668968984440650000 ,-0.04278979854279240000 ,-0.07403787323040990000 ,-0.04402215113338990000 ,0.05626587637595270000 ,-0.04514433633443440000 
2010/9/30,-0.00389292885906467000 ,0.00171435568798728000 ,0.00106569369434451000 ,0.02346754916778290000 ,-0.01265357576140780000 ,0.07260318920062940000 ,0.04739847369380330000 ,0.02519236783483620000 ,0.02735288537936590000 ,0.01631450766945930000 ,0.01676212294769020000 ,0.02183526601861810000 ,0.02968974658670120000 ,0.09324586549819270000 ,0.07759703879156650000 ,0.09798657555004350000 ,0.11112927461747900000 ,0.10989618457028500000 ,0.04577251128152100000 ,0.11318218572463700000 ,0.10645033399460200000 ,0.07758317974161640000 ,0.12459598844021700000 ,0.10576648257578700000 ,0.04881959196761380000 ,0.08924444779195520000 
2010/10/31,-0.00234713415561993000 ,0.00228189560327619000 ,0.00356055958524282000 ,0.01255733762972720000 ,-0.03573625136248970000 ,0.04982765247158040000 ,0.02366596700121940000 ,0.01859392354387260000 ,0.02230815176866390000 ,0.01560766100012920000 ,0.01719929400277880000 ,0.02565422384423080000 ,0.02425273948714880000 ,0.03727539911168960000 ,0.03110185272100500000 ,0.03612826061395440000 ,0.02903657688622550000 ,0.04332531347795480000 ,0.02040022282702860000 ,0.02626920113831120000 ,0.04775954951659740000 ,0.03000580401871570000 ,0.04092158086451270000 ,0.03869275534564800000 ,0.03901861122788250000 ,0.03804916941293950000 
2010/11/30,-0.011950415,-0.001870147,-0.005747402,-0.038066778,0.007240291,-0.003540257,0.006372065,0.002592312,-0.009162848,0.004637208,-0.031841843,-0.019218587,-0.011156313,-0.021589591,0.010232471,-0.04814485,-0.026397771,-0.075926413,0.021019975,-0.014673575,0.011613499,-0.005291805,0.034673702,0.018150751,0.019582169,0.00012818
2010/12/31,-0.012468861,-0.001955114,-0.01078367,0.013058654,0.013129229,0.106889677,0.035232631,0.026746151,0.033396033,0.010673163,-0.003317508,-0.022835702,0.017606805,0.073525588,0.076674405,0.080975716,0.071359578,0.083929792,0.076180264,0.05527396,0.055081532,0.078903728,0.079407745,0.069199167,0.025079003,0.066831917
